{
  "lang":"en",
  "name":"pipeline",
  "version":"0.0.0",
  "spacy_version":">=3.7.1,<3.8.0",
  "description":"",
  "author":"",
  "email":"",
  "url":"",
  "license":"",
  "spacy_git_version":"9d036607f",
  "vectors":{
    "width":0,
    "vectors":0,
    "keys":0,
    "name":null,
    "mode":"default"
  },
  "labels":{
    "tok2vec":[

    ],
    "ner":[
      "COLOR",
      "FOOD",
      "PART",
      "PHYSICAL_QUALITY",
      "PROCESS",
      "PURPOSE",
      "QUANTITY",
      "TASTE",
      "UNIT"
    ]
  },
  "pipeline":[
    "tok2vec",
    "ner"
  ],
  "components":[
    "tok2vec",
    "ner"
  ],
  "disabled":[

  ],
  "performance":{
    "ents_f":0.9195228176,
    "ents_p":0.9235450742,
    "ents_r":0.9155354449,
    "ents_per_type":{
      "PHYSICAL_QUALITY":{
        "p":0.7469135802,
        "r":0.7756410256,
        "f":0.7610062893
      },
      "FOOD":{
        "p":0.8804071247,
        "r":0.8639200999,
        "f":0.8720856963
      },
      "UNIT":{
        "p":0.9754098361,
        "r":0.9627831715,
        "f":0.9690553746
      },
      "QUANTITY":{
        "p":0.97875166,
        "r":0.9852941176,
        "f":0.982011992
      },
      "COLOR":{
        "p":0.914893617,
        "r":0.8775510204,
        "f":0.8958333333
      },
      "TASTE":{
        "p":0.8421052632,
        "r":0.8,
        "f":0.8205128205
      },
      "PART":{
        "p":0.8333333333,
        "r":0.3333333333,
        "f":0.4761904762
      },
      "PROCESS":{
        "p":0.8974358974,
        "r":0.8974358974,
        "f":0.8974358974
      },
      "PURPOSE":{
        "p":0.75,
        "r":0.8181818182,
        "f":0.7826086957
      }
    },
    "tok2vec_loss":996.5228224124,
    "ner_loss":341.9315707432
  }
}