,epoch,train_loss,val_loss
0,0,0.29992472883299975,0.2835884598094881
