{
  "lang":"en",
  "name":"pipeline",
  "version":"0.0.0",
  "spacy_version":">=3.7.1,<3.8.0",
  "description":"",
  "author":"",
  "email":"",
  "url":"",
  "license":"",
  "spacy_git_version":"9d036607f",
  "vectors":{
    "width":0,
    "vectors":0,
    "keys":0,
    "name":null,
    "mode":"default"
  },
  "labels":{
    "tok2vec":[

    ],
    "ner":[
      "COLOR",
      "FOOD",
      "PART",
      "PHYSICAL_QUALITY",
      "PROCESS",
      "PURPOSE",
      "QUANTITY",
      "TASTE",
      "UNIT"
    ]
  },
  "pipeline":[
    "tok2vec",
    "ner"
  ],
  "components":[
    "tok2vec",
    "ner"
  ],
  "disabled":[

  ],
  "performance":{
    "ents_f":0.9233377284,
    "ents_p":0.9224689499,
    "ents_r":0.9242081448,
    "ents_per_type":{
      "PHYSICAL_QUALITY":{
        "p":0.76875,
        "r":0.7884615385,
        "f":0.7784810127
      },
      "FOOD":{
        "p":0.8808933002,
        "r":0.88639201,
        "f":0.8836341008
      },
      "QUANTITY":{
        "p":0.9749670619,
        "r":0.9893048128,
        "f":0.9820836098
      },
      "UNIT":{
        "p":0.9691558442,
        "r":0.9660194175,
        "f":0.9675850891
      },
      "COLOR":{
        "p":0.8936170213,
        "r":0.8571428571,
        "f":0.875
      },
      "TASTE":{
        "p":0.7619047619,
        "r":0.8,
        "f":0.7804878049
      },
      "PART":{
        "p":0.75,
        "r":0.4,
        "f":0.5217391304
      },
      "PROCESS":{
        "p":0.9162995595,
        "r":0.8888888889,
        "f":0.9023861171
      },
      "PURPOSE":{
        "p":0.6923076923,
        "r":0.8181818182,
        "f":0.75
      }
    },
    "tok2vec_loss":946.3601713921,
    "ner_loss":805.3906631531
  }
}